"","model","(Intercept)","DS_ARBOLLog","FR_MATDELog","HIDRO_ITH","TP_ES_OE","TP_RSD_P","p_anu_year","TP_RSH_V","df","logLik","BIC","delta","weight"
"1",den_sqrt ~ 1 + HIDRO_ITH + FR_MATDELog + DS_ARBOLLog,0.916944510196916,-0.124880941685662,0.400966464522277,0.108510372085663,NA,NA,NA,NA,5,-61.3556116968197,147.27449782232,0,0.601677615175141
"2",den_sqrt ~ 1 + HIDRO_ITH + TP_ES_OE + FR_MATDELog + DS_ARBOLLog,0.786436270662326,-0.138482026666491,0.396915748222701,0.115903356672941,0.0032412362101625,NA,NA,NA,6,-59.9911054278858,149.458140170188,2.18364234786824,0.201925860936902
"3",den_sqrt ~ 1 + HIDRO_ITH + TP_RSD_P + FR_MATDELog + DS_ARBOLLog,1.07822882981701,-0.116469774635452,0.393892298642276,0.108176963950807,NA,-3.85356803864684e-05,NA,NA,6,-60.8528455138082,151.181620342033,3.90712251971308,0.085298811314067
"4",den_sqrt ~ 1 + HIDRO_ITH + p_anu_year + FR_MATDELog + DS_ARBOLLog,0.985354509462748,-0.124597521826199,0.401327457405676,0.107852540654665,NA,NA,-0.000170481971321,NA,6,-61.2262292420448,151.928387798506,4.65388997618632,0.0587197889901109
"5",den_sqrt ~ 1 + TP_RSH_V + HIDRO_ITH + FR_MATDELog + DS_ARBOLLog,1.03752159676974,-0.12496542127064,0.40041689736562,0.109365234804967,NA,NA,NA,-0.0097715302531702,6,-61.3405208359522,152.156970986321,4.88247316400108,0.0523779235837789
