"","model","(Intercept)","DS_ARBOL","FR_MATDE","HIDRO_ITH","TP_RSH_V","t_anual_year","df","logLik","BIC","delta","weight"
"1",den ~ 1 + FR_MATDE + HIDRO_ITH + DS_ARBOL,1.34046804899124,-0.000428614459759957,0.112197161709303,0.21093564397081,NA,NA,5,-252.430362129781,529.423998688242,0,0.435830339359945
"2",den ~ 1 + FR_MATDE + DS_ARBOL,2.93454770468768,-0.000465123115930353,0.108315229828523,NA,NA,NA,4,-254.999816633675,529.650252810294,0.22625412205241,0.389212698391096
"3",den ~ 1 + FR_MATDE + TP_RSH_V + HIDRO_ITH + DS_ARBOL,5.30944194847865,-0.000476108215286409,0.105602973521068,0.227745501993532,-0.30907219296278,NA,6,-251.72878442978,532.933498173977,3.50949948573464,0.0753770833783622
"4",den ~ 1 + FR_MATDE + DS_ARBOL + t_anual_year,2.40275870375276,-0.000413722932799675,0.110287792771402,NA,NA,0.0382299367029309,5,-254.528608800343,533.620492029367,4.19649334112523,0.0534638843542091
"5",den ~ 1 + FR_MATDE + TP_RSH_V + DS_ARBOL,5.73909078103813,-0.000499634255703539,0.103588361935116,NA,-0.211622156308522,NA,5,-254.676455325029,533.916185078739,4.49218639049673,0.0461159945163878
