"","model","(Intercept)","DS_ARBOL","FR_MATDE","HIDRO_ITH","TP_RSH_V","TP_RSD_P","p_ver_year","df","logLik","BIC","delta","weight"
"1",den ~ 1 + FR_MATDE + HIDRO_ITH + DS_ARBOL,1.34046804899124,-0.000428614459759957,0.112197161709303,0.21093564397081,NA,NA,NA,5,-252.430362129781,529.423998688242,0,0.442416393272246
"2",den ~ 1 + FR_MATDE + DS_ARBOL,2.93454770468768,-0.000465123115930353,0.108315229828523,NA,NA,NA,NA,4,-254.999816633675,529.650252810294,0.22625412205241,0.395094289421956
"3",den ~ 1 + FR_MATDE + TP_RSH_V + HIDRO_ITH + DS_ARBOL,5.30944194847865,-0.000476108215286409,0.105602973521068,0.227745501993532,-0.30907219296278,NA,NA,6,-251.72878442978,532.933498173977,3.50949948573464,0.0765161448205073
"4",den ~ 1 + FR_MATDE + HIDRO_ITH + DS_ARBOL + TP_RSD_P,1.80103763568536,-0.000412542653726891,0.110697920663476,0.214001494842363,NA,-9.62405289767275e-05,NA,6,-252.228708521579,533.933346357575,4.50934766933256,0.0464129107834988
"5",den ~ 1 + FR_MATDE + HIDRO_ITH + DS_ARBOL + p_ver_year,1.38439393233579,-0.000426490480511878,0.112104654284548,0.212767212269608,NA,NA,-0.00169427837640816,6,-252.388461069706,534.252851453827,4.82885276558545,0.0395602617017921
