"","model","(Intercept)","elev","FR_MATDE","HIDRO_ITH","TP_ES_OE","TP_RSH_V","TP_RSD_P","DS_ARBOL","df","logLik","BIC","delta","weight","r2"
"1",riq ~ 1 + FR_MATDE + TP_RSH_V + HIDRO_ITH + elev + TP_ES_OE,-14.1981559847288,-0.00648993563118742,1.06522960308429,-3.05410025720834,-0.209925591632289,5.86147801649675,NA,NA,7,-441.189825076994,916.768234354141,0,0.490868912635412,0.843
"2",riq ~ 1 + FR_MATDE + TP_RSH_V + HIDRO_ITH + elev + TP_ES_OE + TP_RSD_P,-11.9464354036474,-0.00790030447600989,1.09195429836783,-3.48986119748948,-0.226004373064442,5.56082982208722,0.00158291648518095,NA,8,-438.900493652729,917.102226391346,0.333992037205121,0.415374736858215,0.848
"3",riq ~ 1 + FR_MATDE + TP_RSH_V + HIDRO_ITH + elev + TP_ES_OE + DS_ARBOL,-10.8257745552267,-0.00580961656713815,1.04219066093039,-2.87764560331554,-0.204251656841797,5.43263485280329,NA,-0.000404462561627192,8,-440.925767204745,921.152773495378,4.38453914123693,0.054811911921054,0.843
"4",riq ~ 1 + FR_MATDE + TP_RSH_V + HIDRO_ITH + elev + TP_ES_OE + DS_ARBOL + TP_RSD_P,-10.2513647958799,-0.00750220402156679,1.07910616487191,-3.38449919852097,-0.222554198795066,5.34571002327883,0.00153524975338726,-0.000211428582465594,9,-438.828084984143,921.87006393991,5.10182958576945,0.0382928164632283,0.848
"5",riq ~ 1 + FR_MATDE + TP_RSH_V + HIDRO_ITH + TP_ES_OE + DS_ARBOL,-18.3748050627701,NA,1.02334290690876,-1.36185520709059,-0.238052627743055,4.57000624308532,NA,-0.00170226995689331,7,-447.814292641183,930.017169482518,13.2489351283768,0.000651622122090479,0.827
