"","model","(Intercept)","DS_ARBOLLog","FR_MATDELog","HIDRO_ITH","p_anu_year","t_anual_year","TP_ES_OE","TP_RSH_V","p_ver_year","df","logLik","BIC","delta","weight","r2"
"1",den_sqrt ~ 1 + HIDRO_ITH + FR_MATDELog + DS_ARBOLLog,0.916944510196916,-0.124880941685662,0.400966464522277,0.108510372085663,NA,NA,NA,NA,NA,5,-61.3556116968197,147.27449782232,0,0.804516599343884,0.663
"2",den_sqrt ~ 1 + HIDRO_ITH + p_anu_year + FR_MATDELog + DS_ARBOLLog,0.985354509462748,-0.124597521826199,0.401327457405676,0.107852540654665,-0.000170481971321,NA,NA,NA,NA,6,-61.2262292420448,151.928387798506,4.65388997618632,0.0785155434754925,0.664
"3",den_sqrt ~ 1 + HIDRO_ITH + t_anual_year + FR_MATDELog + DS_ARBOLLog,0.922333676080156,-0.125756286116806,0.401280038342604,0.110079580769256,NA,-0.00103150039355547,NA,NA,NA,6,-61.3510756196752,152.178080553767,4.90358273144699,0.0693003691911055,0.663
"4",den_sqrt ~ 1 + TP_RSH_V + HIDRO_ITH + TP_ES_OE + FR_MATDELog + DS_ARBOLLog,1.00565750017887,-0.138866617643925,0.395838207698408,0.117597915280673,NA,NA,0.00329591723035369,-0.0179440488997645,NA,7,-59.9395627728584,154.267709745869,6.99321192354941,0.0243768920774946,0.67
"5",den_sqrt ~ 1 + HIDRO_ITH + TP_ES_OE + p_ver_year + FR_MATDELog + DS_ARBOLLog,0.782386074004949,-0.138664866674785,0.397128374737777,0.115792161660246,NA,NA,0.00324355304565136,NA,0.000155383118026731,7,-59.9851487402481,154.358881680649,7.08438385832901,0.0232905959120239,0.67
