"","model","(Intercept)","DS_ARBOLLog","elev","FR_MATDELog","HIDRO_ITH","TP_RSH_V","TP_ES_OE","df","logLik","BIC","delta","weight","r2"
"1",riq_sqrt ~ 1 + TP_RSH_V + HIDRO_ITH + elev + FR_MATDELog + DS_ARBOLLog,2.77435872645916,-0.122830133216748,-0.000760845367276483,1.13479597388474,-0.208316266208182,0.279253887203481,NA,7,-138.019630106292,310.427844412737,0,0.326356826580046,0.834
"2",riq_sqrt ~ 1 + TP_RSH_V + HIDRO_ITH + elev + TP_ES_OE + FR_MATDELog + DS_ARBOLLog,2.5419449140715,-0.106165819738409,-0.000676100661824306,1.15317624136753,-0.201439438678798,0.301112910532888,-0.00773957996137478,8,-135.660364463171,310.621968012231,0.194123599493935,0.296168794383186,0.84
"3",riq_sqrt ~ 1 + TP_RSH_V + HIDRO_ITH + elev + TP_ES_OE + FR_MATDELog,2.8567273706487,NA,-0.000885852751538449,1.15776960446244,-0.27013548251855,0.302537834947307,-0.00919495502133001,7,-138.477198312177,311.342980824507,0.915136411770277,0.206525344174279,0.833
"4",riq_sqrt ~ 1 + TP_RSH_V + HIDRO_ITH + elev + FR_MATDELog,3.20172913982504,NA,-0.00102989964383373,1.1361515464067,-0.291754065448363,0.27605234263852,NA,6,-141.747100208149,312.970129730714,2.5422853179769,0.0915466504962598,0.825
"5",riq_sqrt ~ 1 + HIDRO_ITH + elev + FR_MATDELog + DS_ARBOLLog,6.28672437096177,-0.121366618046432,-0.000781381743741092,1.11727801583044,-0.190293597055876,NA,NA,6,-141.889420494391,313.254770303198,2.82692589046104,0.0794023843662286,0.825
